SVD_Rank_Index,ViT,Oracle Context,Oracle Spatial,Segformer
0,-0.20328066396044672,4.632682828683893,4.633148865647137,-3.9832763345425652
1,-0.6527058832655921,2.5460851666513853,2.5465981369473165,-5.626448848909162
2,-0.7455473099099227,1.7707971657062822,1.740485089432676,-5.646772620669069
3,-1.1147667671992354,1.438845359614404,1.4533899634048237,-6.075359966524835
4,-1.3834193113994726,0.8896863888651452,0.9235652511765832,-6.245710571226175
5,-1.528780948766861,0.6703108584003663,0.6613865060914342,-6.5074532699677725
6,-1.7038561855323846,0.6103463222925883,0.5981655048169136,-6.683844159934454
7,-1.923760057746605,0.14120130191110392,0.14378006010314043,-6.712204622729819
8,-1.9887329996627696,0.08498495084726,0.06485393915357823,-6.794309907065729
9,-2.0679940525746505,0.04115209695060037,0.038434892415737824,-6.836127152695797
10,-2.231028633111935,-0.08229925136770193,-0.06420318976889403,-6.883633625082232
11,-2.330767715419032,-0.47155288759309977,-0.4874033740487693,-6.925159117732809
12,-2.413817521494709,-0.5428142368741631,-0.5431777518548359,-7.007787977917221
13,-2.539364684408782,-0.6286331655987458,-0.652403096761342,-7.061486597900861
14,-2.5859871596261583,-0.7220243951440145,-0.6981030203548547,-7.135210398887778
15,-2.6045208184699176,-0.7914991308172542,-0.773206237374531,-7.181790359798036
16,-2.6521639010662104,-1.0035976498471266,-0.9701457124793618,-7.295879361095299
17,-2.718798289979285,-1.0458026209499975,-1.0250120575156305,-7.316389271150892
18,-2.8435447816165405,-1.1815443399431087,-1.185312978693804,-7.361557686814152
19,-2.875648187862957,-1.2657347674581734,-1.2862147340207435,-7.386579543710197
20,-2.94547399940332,-1.3474425432731258,-1.3249048625362347,-7.442360837432259
21,-2.989011752303139,-1.4358731958705813,-1.4520034138484077,-7.458150950253641
22,-3.0038658053079104,-1.462688860502253,-1.4640700275511516,-7.493590089621968
23,-3.01159388106927,-1.5939313846141763,-1.614405463010912,-7.514443304017383
24,-3.046616819992751,-1.6709763892829301,-1.6555889016312406,-7.537871754828573
25,-3.0951775839222275,-1.714208478812442,-1.6923334570053459,-7.567855485690494
26,-3.131639182455157,-1.7341230511876269,-1.7185908219891408,-7.57981168119511
27,-3.161963515145936,-1.8600755641666948,-1.8331599780620058,-7.593583927924425
28,-3.238559258715083,-1.9003371801266329,-1.9011390193386088,-7.600595107653021
29,-3.247878706655948,-1.952549594697136,-1.959391777748326,-7.647181499284088
30,-3.288549104500184,-2.0211083901235267,-2.0196724951685163,-7.658102479712794
31,-3.3143301500815507,-2.0407477022988987,-2.032285840792931,-7.68286895667578
32,-3.3653181569200097,-2.062131985703198,-2.067531917106093,-7.6956361192918505
33,-3.368458737132588,-2.1256639993142588,-2.147432162390467,-7.7020712331560715
34,-3.4191539274737974,-2.2837431323869812,-2.2682036321863244,-7.716419823268995
35,-3.4380941355128307,-2.31819460095429,-2.3095731116376803,-7.740736282553416
36,-3.475648040753608,-2.3482616634721785,-2.343376267129,-7.761476799589035
37,-3.4994154106130595,-2.387378951578384,-2.35813439703888,-7.776217946316168
38,-3.507640775144067,-2.4160787236911245,-2.4040976398168126,-7.790850553507614
39,-3.5114172534560666,-2.4380584523563513,-2.4322754703141873,-7.805545163135435
40,-3.590288404567458,-2.4730305771004666,-2.498064224620707,-7.809274678267948
41,-3.622485329596712,-2.4866565747945493,-2.5165022490652955,-7.8266942475616
42,-3.6561305511869944,-2.5489850464591273,-2.5875926128283626,-7.8413810420123715
43,-3.696235500399554,-2.604416799655069,-2.6026005891130275,-7.8631855434970666
44,-3.704394504650235,-2.6551763973680926,-2.6517931105665307,-7.883371923663423
45,-3.750052151751314,-2.7032909783264243,-2.7143012637033626,-7.913163593549647
46,-3.770759240084441,-2.7791141280270666,-2.748956502220912,-7.918873466135684
47,-3.7844111884370757,-2.7979468159284684,-2.7932578055402884,-7.929072734523228
48,-3.7943765405587233,-2.8130055261142353,-2.8075391328903434,-7.945531001541956
49,-3.8284551750003946,-2.872715734390148,-2.8611486406822224,-7.955487167025554
50,-3.8560944031409243,-2.8968853894347997,-2.869993024185172,-7.965292028107459
51,-3.8708845895901485,-2.919561359778988,-2.9247988641231486,-7.9759943204876675
52,-3.901107342710946,-2.9533082399992816,-2.9370375396793555,-7.989569507962866
53,-3.913343132057592,-2.996968470944131,-3.0178956477182495,-7.999827954026211
54,-3.934394507495317,-3.071373933132293,-3.071291712893162,-8.007211566484347
55,-3.9439808356060837,-3.1339726489777457,-3.097696449335133,-8.014378185879433
56,-3.960704614090946,-3.1425844460970938,-3.115927907877325,-8.017064544531312
57,-4.0023736924905515,-3.147419903770383,-3.1392832988302715,-8.028743637145691
58,-4.012110647626396,-3.148001567470319,-3.1590996652255257,-8.052140094430085
59,-4.021308457629532,-3.1885397249658287,-3.1857576783773025,-8.058500998063773
60,-4.043606625763687,-3.218732850966811,-3.2058805902971277,-8.080196845327798
61,-4.062269841156356,-3.2277314266963724,-3.2338579717847185,-8.088468877948706
62,-4.07015096722067,-3.2460245102426155,-3.259460467783678,-8.094276505836321
63,-4.09137905385233,-3.3090561686515643,-3.3007515181925506,-8.1099038949095
64,-4.092568232809314,-3.32821752046933,-3.3458250888779544,-8.122035497593044
65,-4.107689473534908,-3.379885067748786,-3.381824096072341,-8.134820282234257
66,-4.12583339436405,-3.3943739206496164,-3.404808994166165,-8.140877415460503
67,-4.147233047564055,-3.4411865223233575,-3.441015106910582,-8.14944501842794
68,-4.161680125221475,-3.4620840789013783,-3.450895007940898,-8.157307161436073
69,-4.166640328561947,-3.4726327466488067,-3.463589723587844,-8.165080737672882
70,-4.190074057531527,-3.493894839794104,-3.477931289045948,-8.182413826155672
71,-4.204377982908588,-3.517748954434717,-3.5079115992464636,-8.192844108739392
72,-4.24247229682915,-3.5399420456472237,-3.524375713559891,-8.19739363174511
73,-4.267293775591476,-3.5710806163958506,-3.556064210463644,-8.210490633166133
74,-4.273343614394987,-3.600504084523247,-3.579384612056809,-8.218196586990434
75,-4.279600617957731,-3.6067616524778523,-3.5985883405928605,-8.225455061957812
76,-4.287391466771951,-3.6481666597781723,-3.621967182925109,-8.232071938095794
77,-4.314510254320444,-3.672644856733239,-3.652775246833973,-8.241120872869258
78,-4.326126867132804,-3.6983419712005223,-3.7104780037803717,-8.247122975036683
79,-4.337470646448145,-3.7143437059184334,-3.730529750412633,-8.248122759993711
80,-4.338412076273454,-3.7407349064746263,-3.7452374778865973,-8.251664486866309
81,-4.3493706106715475,-3.7664657991567423,-3.753171993665503,-8.260212777260897
82,-4.371732331594862,-3.791184403647915,-3.766006351106001,-8.264034408681102
83,-4.388704745546056,-3.8014439555736765,-3.8052257940916996,-8.270508767390131
84,-4.396489703335995,-3.8088156741666204,-3.821976530624239,-8.280569121657578
85,-4.404276474086379,-3.827554779852786,-3.8337461285701924,-8.287239108546162
86,-4.412092136248831,-3.8718535528839917,-3.8852348526934004,-8.296802782787983
87,-4.440181877038462,-3.917146872699622,-3.91584959284793,-8.31202041826557
88,-4.461959174442336,-3.935049570022583,-3.930539604431618,-8.317035327592952
89,-4.467243919483008,-3.9428838148177396,-3.940603050400846,-8.32838227246583
90,-4.480822167509696,-3.9735802007659067,-3.9527843410108208,-8.332529732553128
91,-4.482400834083678,-3.9825757243956477,-3.9650257907733044,-8.339798981896198
92,-4.5042832005107,-3.999500351400316,-3.9866628788323277,-8.351992942229632
93,-4.513275182488635,-4.027526822331958,-4.006238806108505,-8.359558553536258
94,-4.528420081120186,-4.036937366994872,-4.023996384016299,-8.36795236811892
95,-4.537233977337889,-4.047729828797316,-4.048568541655966,-8.37766608405648
96,-4.560810043243514,-4.070588228687983,-4.068112421100769,-8.383837126957618
97,-4.56693734545302,-4.085144811121088,-4.090332161930985,-8.385545347564046
98,-4.584537557459903,-4.117465853175031,-4.1019367346554345,-8.39345844308283
99,-4.594048999376334,-4.136480362777934,-4.1223607353521565,-8.410798031946493
100,-4.608398190607527,-4.153106084921145,-4.1524752929072,-8.41500295354101
101,-4.615523669871282,-4.1807655492273135,-4.186031405507618,-8.419823118326736
102,-4.6371007403287665,-4.206230163112657,-4.20493510272528,-8.423857553835825
103,-4.640276169961034,-4.213887389179483,-4.211105518982093,-8.431867563583372
104,-4.65170839894043,-4.220512948704199,-4.22450698407459,-8.442702342045399
105,-4.6572907146598075,-4.241555400396645,-4.261791553412299,-8.447448015580067
106,-4.669187159998022,-4.2520187730814945,-4.26978083497752,-8.456173860586812
107,-4.678059785041834,-4.3077795890819806,-4.281805396437398,-8.464947374119575
108,-4.687443451974011,-4.313419311498082,-4.2956169664660235,-8.47256306687495
109,-4.698160098519771,-4.323383272712196,-4.319539461054458,-8.483086579413783
110,-4.70095099588633,-4.345782641131793,-4.3471855492846,-8.48575912525967
111,-4.715294948224962,-4.364454845679378,-4.352152924265622,-8.493902370664145
112,-4.731803656575813,-4.373004761963374,-4.3704415840640465,-8.505316722186725
113,-4.73623321990181,-4.3801918863680545,-4.388970747718168,-8.509435851531634
114,-4.752223899139047,-4.399091765869193,-4.3982752575318464,-8.514640829878678
115,-4.7606174222827615,-4.432747035880549,-4.419130829740456,-8.529212460349873
116,-4.782062281306337,-4.437150194085376,-4.421946480453741,-8.535053540614374
117,-4.788765707862453,-4.452386739362902,-4.439143551530731,-8.540690058051187
118,-4.794893503050921,-4.459620506732314,-4.4731760583767475,-8.54934485197378
119,-4.799254431299824,-4.491204910314588,-4.485017497602405,-8.552856821814078
120,-4.809094868883043,-4.496691741717545,-4.495760142679095,-8.559981358354591
121,-4.819084559899844,-4.503676486182942,-4.507107075083276,-8.57017656892145
122,-4.834946291939161,-4.515070231259162,-4.531006307402894,-8.581825770922897
123,-4.84300979911093,-4.539207294432962,-4.541852946256748,-8.584637113582536
124,-4.849256398661823,-4.551886841111854,-4.552095367033634,-8.59308103908277
125,-4.865937772028411,-4.559173432289556,-4.56771390167542,-8.602871897217389
126,-4.878277192972076,-4.590809503113063,-4.577274495920709,-8.608572257480766
127,-4.891903432020256,-4.601003767683093,-4.610096003577821,-8.611339300328915
128,-4.894444883458636,-4.6327804619891735,-4.631656698483024,-8.618552154674688
129,-4.90623873167598,-4.665598643145766,-4.640358808055648,-8.628444941393845
130,-4.914219213524474,-4.668776477767737,-4.655749646822947,-8.638537420899619
131,-4.924301512731691,-4.675747079129193,-4.6630751166166124,-8.640208635691438
132,-4.93364462246579,-4.692443769249504,-4.67398722342169,-8.655271357652685
133,-4.940315696589276,-4.710642703968924,-4.696788008977709,-8.668495196967482
134,-4.945357587674044,-4.726663352554615,-4.736661742915448,-8.670785250590907
135,-4.956321277580978,-4.734817390419931,-4.742808814473305,-8.684101881914852
136,-4.959116010241003,-4.743424304030134,-4.7472905859981696,-8.686062173261767
137,-4.97198440406408,-4.7584699113257,-4.764374726687477,-8.691234884989571
138,-4.974970902281885,-4.768199339178436,-4.775826150681111,-8.695585504206841
139,-4.986678579914308,-4.794718232245946,-4.782416410095235,-8.70433207282327
140,-5.007583606748938,-4.8103896557100985,-4.812430847281237,-8.716766096430213
141,-5.009741985722192,-4.830441158748519,-4.827748268305827,-8.721511506144505
142,-5.0156179610529605,-4.847285394254476,-4.835923979680117,-8.727065392532193
143,-5.025052557043764,-4.865114884364945,-4.848203766938234,-8.740876620758968
144,-5.032527911929362,-4.8749777019960945,-4.858867659772201,-8.749279795532143
145,-5.046776975040034,-4.884231261942576,-4.876129687103924,-8.75839655047627
146,-5.053662381195046,-4.897913064383444,-4.8996855996709545,-8.765973881797441
147,-5.0566681148711154,-4.920971655823023,-4.915262972555217,-8.768018356034576
148,-5.06581130350016,-4.927885590321713,-4.924117156621257,-8.77844272699195
149,-5.081880668057733,-4.935663848621536,-4.932943652139072,-8.791698152597633
150,-5.085007603642745,-4.943127404577439,-4.939438685402851,-8.792432578741021
151,-5.098959260658058,-4.966234276552204,-4.958096417458252,-8.80072133522248
152,-5.106735904002628,-4.972906815656956,-4.964216667096649,-8.810204872970383
153,-5.1136572242331475,-4.987506038423175,-4.966907045752125,-8.816535357498104
154,-5.126187597104154,-5.004786414567007,-4.979602306954275,-8.82129281243169
155,-5.129125632922433,-5.012556168202215,-4.998931071851219,-8.83281816423364
156,-5.133291756174028,-5.032876148225838,-5.032342074227118,-8.84377198222179
157,-5.142076810425041,-5.043679054605025,-5.0468844435718285,-8.854860473937173
158,-5.152884737573236,-5.0525179437399,-5.063592366289841,-8.861871949016209
159,-5.164636356921015,-5.061404837690574,-5.067137743875589,-8.872101115374564
160,-5.175567505101422,-5.088144030857766,-5.081368612069268,-8.880456286137095
161,-5.1894035245217545,-5.097142070692419,-5.093501849604705,-8.887515378583277
162,-5.193073950611158,-5.101562050267238,-5.112505460835046,-8.90008411900796
163,-5.195685172259367,-5.118737361104383,-5.129250060602954,-8.903766710219875
164,-5.204353783431374,-5.126652526209923,-5.140125918887184,-8.909623917201785
165,-5.214478252362581,-5.149182625822914,-5.145968073593955,-8.91644372415239
166,-5.2247437125555924,-5.155356435661633,-5.155454848699945,-8.928832002801306
167,-5.233367004600658,-5.1806109756415335,-5.168876945521686,-8.933984192109692
168,-5.246168183245543,-5.186761383368128,-5.183676391968295,-8.943846411803708
169,-5.253875506755435,-5.198160984780421,-5.192653095169889,-8.950985634353064
170,-5.259623956599534,-5.209355487041601,-5.2150973382716455,-8.967189210385898
171,-5.271172022836558,-5.224470563086956,-5.220490326684998,-8.980423325402507
172,-5.275675657973175,-5.235859152304482,-5.223032105453115,-8.98688697249306
173,-5.281861897005744,-5.258105082054706,-5.246522129006792,-9.001686441995274
174,-5.294763703167578,-5.26140306806081,-5.25088824479917,-9.006935445318446
175,-5.301187135527033,-5.263700089699171,-5.275754612462507,-9.017858627571615
176,-5.305304956373499,-5.270716562758559,-5.280952187411412,-9.025332674552153
177,-5.308625319259168,-5.2989459916233095,-5.287472553605451,-9.029639678071353
178,-5.316177338913144,-5.3172965636700305,-5.311009808830399,-9.04235581731772
179,-5.316756221534033,-5.326831854335517,-5.3224896030504745,-9.055759276029116
180,-5.330691381283476,-5.336449331847366,-5.334775247019011,-9.068405529508823
181,-5.336628475500496,-5.356898580555873,-5.351962935608616,-9.075735037386156
182,-5.34606006921223,-5.374451940737124,-5.3640527583908675,-9.091026409807016
183,-5.35388619415356,-5.3795682199190145,-5.382497421803491,-9.097623432775942
184,-5.355550743740259,-5.3972809911694775,-5.39420225052885,-9.10930602492293
185,-5.363690409754603,-5.416180526138872,-5.414910816282066,-9.113594087546973
186,-5.370948359769312,-5.425973165710871,-5.426206471047907,-9.129432073973618
187,-5.377257204528864,-5.445168935859672,-5.4337259176542405,-9.139075793891443
188,-5.385474262777956,-5.451018093744957,-5.447196058134609,-9.146293671124033
189,-5.3941209209445855,-5.462700688780543,-5.459659034923782,-9.159843408323065
190,-5.404592176151874,-5.479619095797524,-5.467199284308783,-9.165353125194994
191,-5.411408716201514,-5.486039791411355,-5.471563165216835,-9.169565427608013
192,-5.414624479568789,-5.492799188661525,-5.5009249094217925,-9.185637941558674
193,-5.422373913044221,-5.506465638961797,-5.520957891062329,-9.203413546155824
194,-5.4360149533891455,-5.520496241932105,-5.524374537324086,-9.222273376262564
195,-5.438470031131748,-5.52780392731953,-5.5510387890726856,-9.230374212982671
196,-5.4467426244743695,-5.56108894143027,-5.556478672073222,-9.234936121441795
197,-5.455928464367712,-5.563506683145881,-5.56096988654598,-9.241945805154442
198,-5.4599217070075925,-5.575006328099825,-5.579479329161439,-9.258318322356281
199,-5.4686059538010925,-5.598664154411664,-5.59513334105014,-9.286878510864785
200,-5.4723105439800515,-5.603882200591265,-5.612814732061096,-9.290862305518646
201,-5.47539076620151,-5.628433594328584,-5.614030478284469,-9.311859524624484
202,-5.485248077000399,-5.634029309071162,-5.631274332424452,-9.325127184813722
203,-5.5027291952422415,-5.640741645886687,-5.641754083279812,-9.339584196717082
204,-5.50485897708621,-5.663183914623651,-5.667607756089974,-9.358569081507211
205,-5.513671158385371,-5.669947659001334,-5.673700972657776,-9.381215345475283
206,-5.518705634477032,-5.6742004492240925,-5.694722031632688,-9.413034271446296
207,-5.525797573524935,-5.695122277305464,-5.698668405178772,-9.431139303449118
208,-5.530203143295727,-5.705924265005635,-5.710734274101315,-9.440572801824034
209,-5.53169804119865,-5.713235086852854,-5.736301774636756,-9.455912749781387
210,-5.54415364341875,-5.740848188293494,-5.7471526574351826,-9.479938202871544
211,-5.550594876079469,-5.746167444458323,-5.759711248874261,-9.481569928783864
212,-5.553647263475229,-5.762398396321076,-5.767218799645185,-9.503053736050754
213,-5.5638577617834235,-5.776352428803215,-5.780519955685326,-9.511032189659646
214,-5.566025271370169,-5.795996453478473,-5.78943094126491,-9.542760169668439
215,-5.57324709672741,-5.816031741949911,-5.807853597898846,-9.552548239999764
216,-5.579449106899379,-5.828311372504046,-5.820301293311339,-9.568592705425166
217,-5.585620384190696,-5.831504512576164,-5.825147229516155,-9.591876743371195
218,-5.590803025130435,-5.84782632307817,-5.845187368206902,-9.612188977480393
219,-5.594457537181594,-5.8660143458135385,-5.861042363625479,-9.65859334233773
220,-5.6024804322983845,-5.872381460124951,-5.876945861515387,-9.666408049986725
221,-5.6098842145849055,-5.880629112134087,-5.8957053650587365,-9.684747543425473
222,-5.6173737074994206,-5.891007755575578,-5.913103231420092,-9.690750977316638
223,-5.6248219818172345,-5.915364389425321,-5.930933335296746,-9.717315781719982
224,-5.6323572598049685,-5.931216640583505,-5.944028871335096,-9.736101884396042
225,-5.633169886329931,-5.945327389313418,-5.958692721813425,-9.752542901714207
226,-5.6391615823463175,-5.967352123887048,-5.9743461898657815,-9.7726349128238
227,-5.649904426420157,-5.999070476299731,-5.992075746310698,-9.813512278735196
228,-5.655560691650246,-6.014671931962034,-6.001695403816354,-9.8216428111737
229,-5.66382329507534,-6.016883988792916,-6.014032422236525,-9.844688117057544
230,-5.668404976864368,-6.030830483157933,-6.029830239607201,-9.876808436271421
231,-5.670907553797736,-6.058437172890781,-6.04856669195339,-9.89568127588374
232,-5.682809567312766,-6.063535261563456,-6.05826452939566,-9.92268182006001
233,-5.685542255247883,-6.091669549978077,-6.068979679850002,-9.936778072476713
234,-5.688065405179175,-6.098591324048918,-6.077195100425502,-9.971125073027306
235,-5.696037386507932,-6.107204648357655,-6.122098270096616,-9.997645325076212
236,-5.703868888716796,-6.123828679636287,-6.1319923622810535,-10.031465180517
237,-5.710039500481501,-6.152465985141978,-6.14086778060438,-10.0584324060326
238,-5.714685107824916,-6.159197280071753,-6.157393611825618,-10.097087969311168
239,-5.7222983435541686,-6.175203172749189,-6.171354897709669,-10.13122264995599
240,-5.734321580503697,-6.213464813561105,-6.206967203340533,-10.181379108065775
241,-5.73784514234792,-6.223834745508855,-6.2252118215621595,-10.191097556824207
242,-5.741494646589305,-6.242338773839054,-6.232682682334894,-10.213698114898218
243,-5.7468050709073895,-6.254806820285866,-6.242782573032683,-10.255892984572268
244,-5.752456902243471,-6.290262816963828,-6.265349840582341,-10.277182447300168
245,-5.76100485576691,-6.300880548414818,-6.290371617887924,-10.310142306861911
246,-5.768477922868708,-6.312609395075099,-6.306957136480178,-10.350394582768159
247,-5.7723028770777365,-6.327352413374073,-6.323881323400668,-10.385649610105688
248,-5.778994193797038,-6.337117073458889,-6.338804600548158,-10.429827871164306
249,-5.785249427556195,-6.352232553528778,-6.352450630414017,-10.443688244638812
250,-5.789754976141106,-6.382796032312801,-6.382424461918979,-10.493169174457098
251,-5.799416756093012,-6.4022971543969724,-6.401096334014219,-10.568157612155943
252,-5.802336890251643,-6.4360741633035605,-6.444392287724333,-10.572058478966348
253,-5.8055805463581605,-6.439681875497325,-6.453535470396125,-10.640947883843268
254,-5.812797601805345,-6.483207125673576,-6.493598934971867,-10.659276806170137
255,-5.816153881537917,-6.517779115489315,-6.507789381774191,-10.812320747938859
256,-5.8205328160336745,-6.530045149380759,-6.527098583961774,
257,-5.82770072460158,-6.545046660197751,-6.540460765785755,
258,-5.832225788865832,-6.560057560404496,-6.564639832731704,
259,-5.836073964424507,-6.591887614624783,-6.591894178593196,
260,-5.840403130807706,-6.608306809894862,-6.610541265721249,
261,-5.845959694592931,-6.62368754452492,-6.632317955365227,
262,-5.847989252904996,-6.662989654869012,-6.682726396251307,
263,-5.861987545296325,-6.697929634658682,-6.693300513760459,
264,-5.866490721436591,-6.700775314685135,-6.714227770531525,
265,-5.872175114241168,-6.733665928930941,-6.736978368835631,
266,-5.876138101858793,-6.763975358544876,-6.755200376486291,
267,-5.883059870997416,-6.782249478319181,-6.802949853792774,
268,-5.887751326171497,-6.835389690110076,-6.843680923308253,
269,-5.895742243469417,-6.844835807859934,-6.885612744445672,
270,-5.9022295674303855,-6.927881313889988,-6.903913817920691,
271,-5.906298099240526,-6.937789591089561,-6.9343133349593025,
272,-5.9142258632312865,-6.962901339901371,-6.953627037761099,
273,-5.917483282403566,-6.976553285621498,-7.003451159420904,
274,-5.920349107025269,-7.024361777671955,-7.0195274430482755,
275,-5.9293868596887895,-7.0580786376246865,-7.061045761011417,
276,-5.932413085093129,-7.105084199588376,-7.083055317343056,
277,-5.938385524343162,-7.139141838623634,-7.116619998967626,
278,-5.9448444698159735,-7.178966249948222,-7.164031884030769,
279,-5.947224982503187,-7.242144165397506,-7.218713054256174,
280,-5.948985570082596,-7.254757892442468,-7.241969994733205,
281,-5.95825693287417,-7.296553288991977,-7.251038258525792,
282,-5.961879492026362,-7.338996769294343,-7.325048016645479,
283,-5.966372827621792,-7.4367693341924515,-7.421294024828642,
284,-5.97443378490518,-7.471514199774861,-7.45237900296239,
285,-5.97821429318599,-7.502416176086185,-7.518337605633827,
286,-5.987473374875661,-7.599824468902991,-7.615178942029853,
287,-5.992902562527079,-7.626904824465433,-7.635257021243469,
288,-5.999978620934321,-7.7444103629337375,-7.749340043534077,
289,-6.00557481822837,,,
290,-6.0129584855519616,,,
291,-6.016364472410808,,,
292,-6.020686323212729,,,
293,-6.029608170686869,,,
294,-6.0354921045064485,,,
295,-6.039684845901551,,,
296,-6.049095852930397,,,
297,-6.055455801032421,,,
298,-6.058442615046451,,,
299,-6.059913352098426,,,
300,-6.067821392522761,,,
301,-6.072175604204243,,,
302,-6.075412993217797,,,
303,-6.078359299560263,,,
304,-6.081122178160729,,,
305,-6.0849817227104905,,,
306,-6.092866120140038,,,
307,-6.100036165217003,,,
308,-6.102796220396113,,,
309,-6.111222721473564,,,
310,-6.116607525258234,,,
311,-6.120937003698429,,,
312,-6.125118234662595,,,
313,-6.133135378161397,,,
314,-6.134765949377094,,,
315,-6.138724825518433,,,
316,-6.147591159833014,,,
317,-6.15070202011221,,,
318,-6.15789469730113,,,
319,-6.15991613676355,,,
320,-6.161434075108636,,,
321,-6.165660663225694,,,
322,-6.17178205636083,,,
323,-6.177663794155346,,,
324,-6.181745215651609,,,
325,-6.182952291875625,,,
326,-6.194693986102145,,,
327,-6.199078815624705,,,
328,-6.204839150677497,,,
329,-6.206924702189718,,,
330,-6.21609792187457,,,
331,-6.219255632154642,,,
332,-6.22459945830561,,,
333,-6.228791100958268,,,
334,-6.234221263794165,,,
335,-6.23645828681881,,,
336,-6.245306194012962,,,
337,-6.2494015249834645,,,
338,-6.254246093781841,,,
339,-6.2614615511148575,,,
340,-6.265278326216563,,,
341,-6.272574275898443,,,
342,-6.276238764624296,,,
343,-6.278421324504275,,,
344,-6.284040140154504,,,
345,-6.2856256120943845,,,
346,-6.290032276193086,,,
347,-6.2995451813156915,,,
348,-6.3049097666901845,,,
349,-6.308496201977754,,,
350,-6.315209132196829,,,
351,-6.31895225886066,,,
352,-6.322982231342114,,,
353,-6.326944543702807,,,
354,-6.333705923300643,,,
355,-6.339704513250595,,,
356,-6.345701924000072,,,
357,-6.350975008033399,,,
358,-6.357632179666742,,,
359,-6.362366968649489,,,
360,-6.367593756757955,,,
361,-6.372848526405202,,,
362,-6.37444383444605,,,
363,-6.38338303555025,,,
364,-6.384287681440378,,,
365,-6.388244258410767,,,
366,-6.394442265295259,,,
367,-6.402793578184841,,,
368,-6.4069302291659,,,
369,-6.410601684248953,,,
370,-6.412928603074516,,,
371,-6.4185998660187575,,,
372,-6.421098020173883,,,
373,-6.422375416817625,,,
374,-6.428722290981582,,,
375,-6.432986446130112,,,
376,-6.433528819568618,,,
377,-6.438837468304511,,,
378,-6.445898703125528,,,
379,-6.452747938236161,,,
380,-6.455540087023706,,,
381,-6.461518965230365,,,
382,-6.465269454024843,,,
383,-6.466687054973383,,,
384,-6.4721301736428165,,,
385,-6.483770810610803,,,
386,-6.485590670163688,,,
387,-6.488365116997482,,,
388,-6.496124964457897,,,
389,-6.500635342622468,,,
390,-6.5022639672555576,,,
391,-6.503617848909538,,,
392,-6.510059343832749,,,
393,-6.518798586872291,,,
394,-6.519695971058226,,,
395,-6.523787647852149,,,
396,-6.527487807970396,,,
397,-6.5295533053885055,,,
398,-6.539891002412814,,,
399,-6.54231508416675,,,
400,-6.548076666060734,,,
401,-6.5504351330783095,,,
402,-6.553145145281144,,,
403,-6.557922434491465,,,
404,-6.568824703079129,,,
405,-6.571627485067997,,,
406,-6.575425706242002,,,
407,-6.5771984736305145,,,
408,-6.5797890863471915,,,
409,-6.586563766989676,,,
410,-6.594897727424807,,,
411,-6.597980602247055,,,
412,-6.599887571338337,,,
413,-6.605570238627894,,,
414,-6.608032472073832,,,
415,-6.611366154779221,,,
416,-6.61441984705702,,,
417,-6.618770382833748,,,
418,-6.627806209665167,,,
419,-6.6306147874528145,,,
420,-6.633164286651513,,,
421,-6.638330335160606,,,
422,-6.643110184998229,,,
423,-6.64513733207237,,,
424,-6.6479412434596155,,,
425,-6.6527221159000876,,,
426,-6.656215483423338,,,
427,-6.657309431664251,,,
428,-6.663592989771141,,,
429,-6.6647748780804275,,,
430,-6.668570343241118,,,
431,-6.673403373125656,,,
432,-6.682575748004548,,,
433,-6.6848902696454555,,,
434,-6.689403416391643,,,
435,-6.691459631263292,,,
436,-6.695939514568285,,,
437,-6.703314973632478,,,
438,-6.705697863785849,,,
439,-6.709335907742767,,,
440,-6.711907967134754,,,
441,-6.716521227522808,,,
442,-6.721346034677247,,,
443,-6.725000018450591,,,
444,-6.730398857996739,,,
445,-6.736511487691896,,,
446,-6.741379994147871,,,
447,-6.743391919330332,,,
448,-6.745035613342668,,,
449,-6.750530636094827,,,
450,-6.757622559599225,,,
451,-6.758998267266847,,,
452,-6.765702764418319,,,
453,-6.7699841823284865,,,
454,-6.773126659633859,,,
455,-6.781633008386159,,,
456,-6.789359696724832,,,
457,-6.792053051134472,,,
458,-6.799061742738616,,,
459,-6.801563406607168,,,
460,-6.806888411697596,,,
461,-6.807843625846561,,,
462,-6.812375608111337,,,
463,-6.817192862808539,,,
464,-6.819190663163746,,,
465,-6.8236173664102155,,,
466,-6.829676253921502,,,
467,-6.831532045021075,,,
468,-6.835066307789623,,,
469,-6.837378081187299,,,
470,-6.847951687959265,,,
471,-6.8497664403721386,,,
472,-6.852426065687768,,,
473,-6.857691865292537,,,
474,-6.861174740066142,,,
475,-6.8673956254280535,,,
476,-6.868883962763315,,,
477,-6.87376909541118,,,
478,-6.8773389817723665,,,
479,-6.8848299129826165,,,
480,-6.886897513764416,,,
481,-6.890140522217507,,,
482,-6.895398772356472,,,
483,-6.899576998686489,,,
484,-6.90167722149196,,,
485,-6.90988515113917,,,
486,-6.911418071516513,,,
487,-6.9188706364198245,,,
488,-6.921360683181323,,,
489,-6.923918721467858,,,
490,-6.930709696087044,,,
491,-6.9351773259994465,,,
492,-6.938437468231712,,,
493,-6.940817100004121,,,
494,-6.950370679454965,,,
495,-6.951002611258307,,,
496,-6.956797721918599,,,
497,-6.960158805717774,,,
498,-6.96245302466908,,,
499,-6.965897449746987,,,
500,-6.969117088363605,,,
501,-6.9714478751010365,,,
502,-6.976704021761453,,,
503,-6.98296927364867,,,
504,-6.988873022971116,,,
505,-6.990477002896824,,,
506,-6.996159661707727,,,
507,-7.00139331189606,,,
508,-7.003764608895929,,,
509,-7.007488326926785,,,
510,-7.007946663455679,,,
511,-7.0148270706800835,,,
512,-7.018856565796663,,,
513,-7.021637828033452,,,
514,-7.026139890376452,,,
515,-7.028990772516477,,,
516,-7.0335201110187615,,,
517,-7.042605110077854,,,
518,-7.046391762515893,,,
519,-7.04792882115053,,,
520,-7.054582419782177,,,
521,-7.056443717450645,,,
522,-7.0592861184402445,,,
523,-7.06181735472476,,,
524,-7.065248870656241,,,
525,-7.0711845406298215,,,
526,-7.073510310823053,,,
527,-7.08296449550411,,,
528,-7.086061560293594,,,
529,-7.087922596926334,,,
530,-7.093088735535725,,,
531,-7.096689471930675,,,
532,-7.1005167065243615,,,
533,-7.103833992222158,,,
534,-7.106105770530042,,,
535,-7.110827681612181,,,
536,-7.113430383553393,,,
537,-7.119964023860782,,,
538,-7.121683250412832,,,
539,-7.125748175236377,,,
540,-7.1310006036288085,,,
541,-7.1334501257847,,,
542,-7.140855201285703,,,
543,-7.144644107355602,,,
544,-7.149851956784467,,,
545,-7.15015190928626,,,
546,-7.155510210004433,,,
547,-7.157803290490805,,,
548,-7.160715557804752,,,
549,-7.167235074863035,,,
550,-7.173181067681268,,,
551,-7.178711591489143,,,
552,-7.178743616973359,,,
553,-7.181785878609808,,,
554,-7.185813973119044,,,
555,-7.192053251843274,,,
556,-7.194081239810433,,,
557,-7.195253570189463,,,
558,-7.200843913433163,,,
559,-7.206397214499775,,,
560,-7.21077074155366,,,
561,-7.212246185499075,,,
562,-7.216087634547451,,,
563,-7.223452800150199,,,
564,-7.2253553926230465,,,
565,-7.227370238533449,,,
566,-7.232227516894344,,,
567,-7.2384950367786125,,,
568,-7.240622941429134,,,
569,-7.245840981610169,,,
570,-7.250345457444801,,,
571,-7.25215604830306,,,
572,-7.254298637283,,,
573,-7.260756880451224,,,
574,-7.264742489951736,,,
575,-7.266267881648652,,,
576,-7.27315903303457,,,
577,-7.27678869473968,,,
578,-7.278118454590461,,,
579,-7.28197509376982,,,
580,-7.286554064880128,,,
581,-7.291948479488743,,,
582,-7.293607897771316,,,
583,-7.297265091917816,,,
584,-7.3036937488079,,,
585,-7.30441614812752,,,
586,-7.307599844427691,,,
587,-7.311755464707549,,,
588,-7.315461229219583,,,
589,-7.319293030606346,,,
590,-7.325705451856387,,,
591,-7.329354170441254,,,
592,-7.334363599235391,,,
593,-7.339640640096798,,,
594,-7.3422969201430925,,,
595,-7.347648292930484,,,
596,-7.353382420054467,,,
597,-7.3571386060193955,,,
598,-7.362360485477719,,,
599,-7.363971432850501,,,
600,-7.369200236779707,,,
601,-7.372161494574531,,,
602,-7.375589889424535,,,
603,-7.379115674330172,,,
604,-7.383331595826105,,,
605,-7.385556552362508,,,
606,-7.391568678176646,,,
607,-7.392627654403987,,,
608,-7.396951289275506,,,
609,-7.400556047175257,,,
610,-7.407125489129863,,,
611,-7.407779219080028,,,
612,-7.4102387073606755,,,
613,-7.4149330570134815,,,
614,-7.41988500212219,,,
615,-7.421453821611494,,,
616,-7.425127438999547,,,
617,-7.4289938331283984,,,
618,-7.435963768695721,,,
619,-7.439089845508533,,,
620,-7.443135556578503,,,
621,-7.444410749013516,,,
622,-7.4491262008046215,,,
623,-7.453301476647712,,,
624,-7.4589756525927156,,,
625,-7.4643298477067415,,,
626,-7.464545716689886,,,
627,-7.47006670532347,,,
628,-7.471140052724599,,,
629,-7.473591458167162,,,
630,-7.47968461961609,,,
631,-7.482003468064,,,
632,-7.48855704435363,,,
633,-7.491503484568881,,,
634,-7.494000506371007,,,
635,-7.499083322728326,,,
636,-7.505206542070337,,,
637,-7.509138043280061,,,
638,-7.510404888366421,,,
639,-7.514710963282725,,,
640,-7.521084487551877,,,
641,-7.522847192063991,,,
642,-7.527084998690758,,,
643,-7.531811682131453,,,
644,-7.537061637941171,,,
645,-7.538312488393835,,,
646,-7.543842276337683,,,
647,-7.547074872156267,,,
648,-7.5506152728739835,,,
649,-7.551733280614149,,,
650,-7.56209199111352,,,
651,-7.56615351929537,,,
652,-7.570164058522779,,,
653,-7.57175923283803,,,
654,-7.577425248305536,,,
655,-7.578560697693283,,,
656,-7.584079341435045,,,
657,-7.584999886060144,,,
658,-7.590258595007577,,,
659,-7.591453703558309,,,
660,-7.594518487526683,,,
661,-7.601386138430348,,,
662,-7.6056803898332435,,,
663,-7.608807299927431,,,
664,-7.615110091880789,,,
665,-7.620314431499345,,,
666,-7.6221608636107065,,,
667,-7.628711376380605,,,
668,-7.6330329241652395,,,
669,-7.633745734115549,,,
670,-7.6386330434073635,,,
671,-7.640589257404306,,,
672,-7.646882962010208,,,
673,-7.6481932404534945,,,
674,-7.6520402253725965,,,
675,-7.657243842446085,,,
676,-7.662233381680375,,,
677,-7.666745337658137,,,
678,-7.672527786514937,,,
679,-7.675832701076514,,,
680,-7.67896138939987,,,
681,-7.679229754002455,,,
682,-7.6873732087655515,,,
683,-7.6896199459547265,,,
684,-7.693896935373626,,,
685,-7.697970500764318,,,
686,-7.702621767194678,,,
687,-7.705986342880613,,,
688,-7.7067574102764445,,,
689,-7.709386563338058,,,
690,-7.713721285909349,,,
691,-7.717726752552763,,,
692,-7.721263602775955,,,
693,-7.724856038516353,,,
694,-7.729901474519343,,,
695,-7.734002360515299,,,
696,-7.7379028605943185,,,
697,-7.741799326760148,,,
698,-7.744442778880667,,,
699,-7.745321278045391,,,
700,-7.748781781427046,,,
701,-7.754418462745469,,,
702,-7.755649964192132,,,
703,-7.759614188350321,,,
704,-7.761106325355943,,,
705,-7.765235765797976,,,
706,-7.7704640551999296,,,
707,-7.775743695849959,,,
708,-7.780770369353169,,,
709,-7.784216709316494,,,
710,-7.789737634001512,,,
711,-7.793032461112591,,,
712,-7.797683332119031,,,
713,-7.798274010569283,,,
714,-7.801478548003465,,,
715,-7.80804854464435,,,
716,-7.813847592941073,,,
717,-7.8165124195970925,,,
718,-7.821912634623059,,,
719,-7.827202123986343,,,
720,-7.828645465884927,,,
721,-7.83265285165598,,,
722,-7.836921544640717,,,
723,-7.838077283166886,,,
724,-7.840530832194484,,,
725,-7.844054753344297,,,
726,-7.8480731250259685,,,
727,-7.855690534205433,,,
728,-7.856844673627602,,,
729,-7.862741517895088,,,
730,-7.867034159337931,,,
731,-7.869114121035858,,,
732,-7.871869597853227,,,
733,-7.8726541265610654,,,
734,-7.881933082325166,,,
735,-7.885933459444383,,,
736,-7.88853890711001,,,
737,-7.892758707297287,,,
738,-7.901593304465544,,,
739,-7.9027186049235345,,,
740,-7.904200751336696,,,
741,-7.910678331895272,,,
742,-7.912810659039335,,,
743,-7.916456940876531,,,
744,-7.921723216830554,,,
745,-7.9236016578645225,,,
746,-7.9260979642634535,,,
747,-7.926505985260899,,,
748,-7.9356189806444934,,,
749,-7.936305688387137,,,
750,-7.941861790682117,,,
751,-7.948399072974551,,,
752,-7.9512299500108465,,,
753,-7.956237211844475,,,
754,-7.957178132357046,,,
755,-7.962389594841627,,,
756,-7.967221701576248,,,
757,-7.970767830346143,,,
758,-7.9726318769273,,,
759,-7.973883140940725,,,
760,-7.981836396338179,,,
761,-7.985297607678001,,,
762,-7.988130213391291,,,
763,-7.99421583582638,,,
764,-7.996651759858687,,,
765,-7.99913534028023,,,
766,-8.002703122220758,,,
767,-8.009128308941634,,,
768,-8.010161983440144,,,
769,-8.011046982992111,,,
770,-8.018786065594012,,,
771,-8.023434148105684,,,
772,-8.028213492492283,,,
773,-8.029639574987891,,,
774,-8.033510883010981,,,
775,-8.038691148857842,,,
776,-8.040095483149718,,,
777,-8.046190356632799,,,
778,-8.047228096976568,,,
779,-8.051689707115717,,,
780,-8.059480473334716,,,
781,-8.060969021351365,,,
782,-8.065427814505023,,,
783,-8.068228199132644,,,
784,-8.07245024619014,,,
785,-8.078301679900086,,,
786,-8.08206820354506,,,
787,-8.086178064885045,,,
788,-8.087982679576585,,,
789,-8.092704848259501,,,
790,-8.096964587432902,,,
791,-8.104187887600126,,,
792,-8.106813177716507,,,
793,-8.108500798822801,,,
794,-8.113301404072828,,,
795,-8.120675474869627,,,
796,-8.122018839256718,,,
797,-8.128185506536362,,,
798,-8.13207011933204,,,
799,-8.13822020008325,,,
800,-8.141569547283671,,,
801,-8.14216876601671,,,
802,-8.147185817162448,,,
803,-8.15144785051414,,,
804,-8.15365486397588,,,
805,-8.158743256413107,,,
806,-8.159014815230268,,,
807,-8.161691174432143,,,
808,-8.163403967313561,,,
809,-8.17399336186061,,,
810,-8.177620691336767,,,
811,-8.186466937145616,,,
812,-8.188556534677941,,,
813,-8.18922260189023,,,
814,-8.195250568683024,,,
815,-8.198186442388563,,,
816,-8.20305881571546,,,
817,-8.205907266693755,,,
818,-8.20871487791255,,,
819,-8.214736128827589,,,
820,-8.216026931856169,,,
821,-8.220429532048051,,,
822,-8.224287455476805,,,
823,-8.228254683537294,,,
824,-8.23140675173914,,,
825,-8.238678867180145,,,
826,-8.245550535549537,,,
827,-8.24694429290796,,,
828,-8.254981364323323,,,
829,-8.256552446464008,,,
830,-8.26116233197663,,,
831,-8.271184190941394,,,
832,-8.27953778913644,,,
833,-8.280550890757464,,,
834,-8.285116399492328,,,
835,-8.28560224477812,,,
836,-8.292441364118618,,,
837,-8.296268795538099,,,
838,-8.298977212244603,,,
839,-8.301609513960816,,,
840,-8.303202923577143,,,
841,-8.30947600082236,,,
842,-8.312955779258314,,,
843,-8.315668468858174,,,
844,-8.320712359915905,,,
845,-8.328429377668451,,,
846,-8.3339516400063,,,
847,-8.336315504682572,,,
848,-8.339583714827185,,,
849,-8.345112962762997,,,
850,-8.349640547743206,,,
851,-8.352288189628172,,,
852,-8.356542055719009,,,
853,-8.357684648261207,,,
854,-8.362861810296701,,,
855,-8.366907850573131,,,
856,-8.369263081943423,,,
857,-8.373351485726154,,,
858,-8.378033542228698,,,
859,-8.385206511049832,,,
860,-8.386051691368854,,,
861,-8.393715931653604,,,
862,-8.394704372830514,,,
863,-8.403794002493875,,,
864,-8.406338827578155,,,
865,-8.406543139119671,,,
866,-8.413149360835092,,,
867,-8.418593254973342,,,
868,-8.42199991780077,,,
869,-8.427275634752007,,,
870,-8.434606364330874,,,
871,-8.437551850470664,,,
872,-8.44362772228903,,,
873,-8.445761317578253,,,
874,-8.450953947096,,,
875,-8.453353954514428,,,
876,-8.456173817411528,,,
877,-8.463406647505233,,,
878,-8.468447717774609,,,
879,-8.469875538084537,,,
880,-8.474724113681416,,,
881,-8.479730734226136,,,
882,-8.48548084512352,,,
883,-8.487663069611193,,,
884,-8.493407651835694,,,
885,-8.499357783074705,,,
886,-8.501096042487683,,,
887,-8.50780286781446,,,
888,-8.5089447610147,,,
889,-8.514876673048043,,,
890,-8.521555852522697,,,
891,-8.522368018815083,,,
892,-8.529278328121492,,,
893,-8.536798084754865,,,
894,-8.538941309172328,,,
895,-8.54210140389134,,,
896,-8.54528474767478,,,
897,-8.55179656945843,,,
898,-8.55330655347382,,,
899,-8.558788098747144,,,
900,-8.561631517071381,,,
901,-8.568930283416659,,,
902,-8.570673069772434,,,
903,-8.57756742767356,,,
904,-8.583656408486707,,,
905,-8.584826246930206,,,
906,-8.591739043335334,,,
907,-8.598964373702382,,,
908,-8.604501353241627,,,
909,-8.609596890113675,,,
910,-8.611587876429395,,,
911,-8.618548025285053,,,
912,-8.625000133427427,,,
913,-8.626708694628187,,,
914,-8.629608515081282,,,
915,-8.635907048170003,,,
916,-8.639477236228052,,,
917,-8.64197107807577,,,
918,-8.647631073825345,,,
919,-8.653462480961352,,,
920,-8.661568634152133,,,
921,-8.664974708815635,,,
922,-8.669924045326553,,,
923,-8.6747002305262,,,
924,-8.685050340561792,,,
925,-8.688854685344722,,,
926,-8.691519440569632,,,
927,-8.695411558457423,,,
928,-8.69687655301652,,,
929,-8.699510540756382,,,
930,-8.700405742051293,,,
931,-8.708384729196844,,,
932,-8.717509981044644,,,
933,-8.724862521900878,,,
934,-8.725935977910064,,,
935,-8.733076272755653,,,
936,-8.739411455463161,,,
937,-8.748634739418696,,,
938,-8.750884472629284,,,
939,-8.754642639192086,,,
940,-8.764585657331253,,,
941,-8.772666797014972,,,
942,-8.775538188130518,,,
943,-8.78034676394574,,,
944,-8.782985987785043,,,
945,-8.78413077506796,,,
946,-8.790528506381955,,,
947,-8.792165412782307,,,
948,-8.799440896054767,,,
949,-8.803584225844988,,,
950,-8.807428546062784,,,
951,-8.816750704941068,,,
952,-8.81913227581555,,,
953,-8.830364167294203,,,
954,-8.833113385419134,,,
955,-8.837825888883122,,,
956,-8.844219576446386,,,
957,-8.848438055460608,,,
958,-8.852800324567903,,,
959,-8.860778458693446,,,
960,-8.870916335756947,,,
961,-8.874228739483577,,,
962,-8.882152151172109,,,
963,-8.895863467364283,,,
964,-8.896062108293401,,,
965,-8.90169077267295,,,
966,-8.905951667204207,,,
967,-8.911702810632,,,
968,-8.913910275166021,,,
969,-8.923870834113119,,,
970,-8.927139809605011,,,
971,-8.932548734617587,,,
972,-8.942627916195704,,,
973,-8.94623405765543,,,
974,-8.950070340828583,,,
975,-8.960769481991765,,,
976,-8.970202832364677,,,
977,-8.974652247560142,,,
978,-8.983091459177354,,,
979,-8.994740058420533,,,
980,-8.998579418307068,,,
981,-8.999553841680962,,,
982,-9.00960159654645,,,
983,-9.01667625183349,,,
984,-9.023126218047569,,,
985,-9.035943690464306,,,
986,-9.045040907965795,,,
987,-9.051262388609308,,,
988,-9.054327926542593,,,
989,-9.059224951698623,,,
990,-9.07752872488314,,,
991,-9.08207968344488,,,
992,-9.086719280136855,,,
993,-9.099483816269458,,,
994,-9.103455266656809,,,
995,-9.11047159073724,,,
996,-9.123290000344026,,,
997,-9.137724032548332,,,
998,-9.142639701246429,,,
999,-9.149219642726592,,,
1000,-9.176919176835735,,,
1001,-9.192627779472053,,,
1002,-9.198907493674174,,,
1003,-9.205039771762014,,,
1004,-9.22690841829595,,,
1005,-9.245764257387716,,,
1006,-9.368650523200053,,,
1007,-9.796976296907077,,,
1008,-10.19917056986467,,,
1009,-10.320260050023736,,,
1010,-10.539241886915185,,,
1011,-10.743862917408572,,,
1012,-10.93287993319573,,,
1013,-11.032302781473224,,,
1014,-11.148149976532618,,,
1015,-11.263403280574302,,,
1016,-11.332885015508744,,,
1017,-11.593044022453016,,,
1018,-12.08205492387668,,,
1019,-12.208715381714574,,,
1020,-12.33620080852185,,,
1021,-12.488503637777995,,,
1022,-12.809407953871524,,,
1023,-36.35756946642682,,,
